<?xml version="1.0"?>
<products>
  <product>
    <prod_id>0</prod_id>
    <prod_name>Nike Air Foce 1 07</prod_name>
    <prod_brand>Nike</prod_brand>
    <prod_category>Women</prod_category>
    <prod_path>https://static.nike.com/a/images/t_PDP_864_v1/f_auto,b_rgb:f5f5f5/0b8d2152-de2a-4c2f-8861-ecbcdc9a276e/air-force-1-07-shoe-AKTdww3y.png</prod_path>
    <prod_price>3500</prod_price>
    <prod_quantity>147</prod_quantity>
    <prod_description>The radiance lives on in the Nike Air Force 1 '07, the b-ball OG that puts a fresh spin on what you know best: crisp leather, bold colours and the perfect amount of flash to let you shine.</prod_description>
  </product>
  <product>
    <prod_id>1</prod_id>
    <prod_name>Nike Blazer Mid 77 SE</prod_name>
    <prod_brand>Nike</prod_brand>
    <prod_category>Women</prod_category>
    <prod_path>https://static.nike.com/a/images/t_PDP_864_v1/f_auto,b_rgb:f5f5f5/7a2fe4a7-d197-474b-a5ce-7a75cfeedbe0/blazer-mid-77-se-shoe-97H9PZ.png</prod_path>
    <prod_price>15000</prod_price>
    <prod_quantity>91</prod_quantity>
    <prod_description>The Nike Blazer Mid '77 celebrates 50 years of Swoosh while harnessing the old-school look of Nike b-ball.The modern staple features luscious suede accents on the upper and a plush, mid-height collar.The embroidered Swoosh on the side and removable lace aglet combine with other fun, discoverable details to celebrate the beginning of Swoosh.</prod_description>
  </product>
  <product>
    <prod_id>2</prod_id>
    <prod_name>Nike Men Force 002</prod_name>
    <prod_brand>Nike</prod_brand>
    <prod_category>Men</prod_category>
    <prod_path>https://static.nike.com/a/images/t_PDP_864_v1/f_auto,b_rgb:f5f5f5/4f37fca8-6bce-43e7-ad07-f57ae3c13142/air-force-1-07-shoe-WrLlWX.png</prod_path>
    <prod_price>9999</prod_price>
    <prod_quantity>116</prod_quantity>
    <prod_description>The radiance lives on in the Nike Air Force 1 '07, the b-ball OG that puts a fresh spin on what you know best: durably stitched overlays, clean finishes and the perfect amount of flash to make you shine.</prod_description>
  </product>
  <product>
    <prod_id>3</prod_id>
    <prod_name>Nike Blazer Low 77</prod_name>
    <prod_brand>Nike</prod_brand>
    <prod_category>Women</prod_category>
    <prod_path>https://static.nike.com/a/images/t_PDP_864_v1/f_auto,b_rgb:f5f5f5/69eac4bd-f1b7-4055-9969-bf2f8ce5a74d/blazer-low-77-shoe-jx4bjz.png</prod_path>
    <prod_price>3500</prod_price>
    <prod_quantity>57</prod_quantity>
    <prod_description>Praised by the streets for its classic simplicity and comfort, the Nike Blazer Low '77 returns with its low-profile, classic hoops style. Featuring crisp leather, a retro Swoosh design and super-soft, low-cut collar, it's a must-have wardrobe staple.</prod_description>
  </product>
  <product>
    <prod_id>4</prod_id>
    <prod_name>Nike Waffle One Women</prod_name>
    <prod_brand>Nike</prod_brand>
    <prod_category>Women</prod_category>
    <prod_path>https://static.nike.com/a/images/t_PDP_864_v1/f_auto,b_rgb:f5f5f5/0c6eb332-2299-4cf6-adc7-1d29e15777c0/waffle-one-shoe-Z3BFbK.png</prod_path>
    <prod_price>2500</prod_price>
    <prod_quantity>299</prod_quantity>
    <prod_description>Bringing a new look to the Waffle sneaker family, the Nike Waffle One balances everything you love about heritage Nike running with fresh innovations.Its new TPU heel clip adds energy while a mixture of transparent mesh (let that sock game shine) and retro suedes give texture and depth.The updated Waffle outsole provides a level of support and traction you have to feel to believe.</prod_description>
  </product>
  <product>
    <prod_id>5</prod_id>
    <prod_name>Nike Offcourt Duo</prod_name>
    <prod_brand>Nike</prod_brand>
    <prod_category>Women</prod_category>
    <prod_path>https://static.nike.com/a/images/t_PDP_864_v1/f_auto,b_rgb:f5f5f5/a6190ae6-ab7c-4b35-9cdd-c14b5189696a/offcourt-duo-slide-n8BL2c.png</prod_path>
    <prod_price>3500</prod_price>
    <prod_quantity>49</prod_quantity>
    <prod_description>Bringing a fresh look to the classic slide, the Nike Offcourt Duo features twin straps for a look you can wear with jeans, leggings and everything in between.Its foam footbed feels unbelievably soft.The plush straps with animal print details are lined with comfy fabric that rolls over the top to help eliminate hotspots.It's got what you need to stay focused on your day.</prod_description>
  </product>
  <product>
    <prod_id>6</prod_id>
    <prod_name>Nike Court Royale 2</prod_name>
    <prod_brand>Nike</prod_brand>
    <prod_category>Women</prod_category>
    <prod_path>https://static.nike.com/a/images/t_PDP_864_v1/f_auto,b_rgb:f5f5f5/a5f7bea3-b465-48db-a189-16727b61e99a/nikecourt-royale-2-shoe-bNGzCc.png</prod_path>
    <prod_price>1599</prod_price>
    <prod_quantity>129</prod_quantity>
    <prod_description>The NikeCourt Royale 2 features the same design that has rocked the streets since the late '70s. The leather on the upper feels soft, smooth and easy to wear. The large retro Swoosh graphic adds throwback appeal. To top it off, the modernised herringbone sole puts a modern twist on the classic look.</prod_description>
  </product>
  <product>
    <prod_id>7</prod_id>
    <prod_name>Nike Air Huararche</prod_name>
    <prod_brand>Nike</prod_brand>
    <prod_category>Women</prod_category>
    <prod_path>https://static.nike.com/a/images/t_PDP_864_v1/f_auto,b_rgb:f5f5f5/733dcb03-3250-4970-8736-9fbe8f7592c5/air-huarache-shoe-CrL3hM.png</prod_path>
    <prod_price>25000</prod_price>
    <prod_quantity>200</prod_quantity>
    <prod_description>Nature always has the answer.The Nike Air Huarache is inspired by the process that occurs when humans connect to the Earth to solve our difficult situations.Natural touches grace this legendary design with an embossed maple-leaf print, which brings a textured depth to the upper.The corked rubber stabiliser and outsole are combined with the cork insole for a grainy look in tune with its surroundings.Lace up with the hemp laces and embrace the adventure that awaits.</prod_description>
  </product>
  <product>
    <prod_id>8</prod_id>
    <prod_name>Nike Air Max 90</prod_name>
    <prod_brand>Nike</prod_brand>
    <prod_category>Women</prod_category>
    <prod_path>https://static.nike.com/a/images/t_PDP_864_v1/f_auto,b_rgb:f5f5f5/4a36c3e0-b205-4038-a2e1-0e952ff22e8a/air-max-90-shoe-rXvCD9.png</prod_path>
    <prod_price>9000</prod_price>
    <prod_quantity>900</prod_quantity>
    <prod_description>Nothing as fly, nothing as comfortable, nothing as proven&#x2014;the Nike Air Max 90 stays true to its roots with the iconic Waffle sole, stitched overlays and classic TPU accents on the eyestays and heel.Fresh colours give a modern look while Max Air cushioning adds comfort to your journey.</prod_description>
  </product>
  <product>
    <prod_id>9</prod_id>
    <prod_name>Nike Air VaporMax 2021</prod_name>
    <prod_brand>Nike</prod_brand>
    <prod_category>Women</prod_category>
    <prod_path>https://static.nike.com/a/images/t_PDP_864_v1/f_auto,b_rgb:f5f5f5/0cb32be5-5402-48a9-adf9-40051a91ec95/air-vapormax-2021-fk-shoe-l1MtKW.png</prod_path>
    <prod_price>55200</prod_price>
    <prod_quantity>100</prod_quantity>
    <prod_description>Made from at least 40% recycled materials by weight, the Nike Air VaporMax 2021 FK is airy and easy to wear with super-stretchy, recycled Flyknit fabric (plus a soft collar that sculpts your ankle).The stitched-on Swoosh and recycled TPU heel clip add a splash of intrigue as you float down the streets on incredibly soft VaporMax cushioning.</prod_description>
  </product>
  <product>
    <prod_id>10</prod_id>
    <prod_name>Nike Pink AirMax</prod_name>
    <prod_brand>Nike</prod_brand>
    <prod_category>Women</prod_category>
    <prod_path>https://static.nike.com/a/images/t_PDP_864_v1/f_auto,b_rgb:f5f5f5/387a6bd0-1b9b-42bd-a98a-46e35f558527/air-zoom-tempo-next-running-shoe-cjJSXN.png</prod_path>
    <prod_price>35500</prod_price>
    <prod_quantity>150</prod_quantity>
    <prod_description>The radiance lives on in the Nike Air Force 1 '07, the b-ball OG that puts a fresh spin on what you know best: durably stitched overlays, clean finishes and the perfect amount of flash to make you shine.</prod_description>
  </product>
  <product>
    <prod_id>11</prod_id>
    <prod_name>Nike Air Force Level 7</prod_name>
    <prod_brand>Nike</prod_brand>
    <prod_category>Men</prod_category>
    <prod_path>https://static.nike.com/a/images/t_PDP_864_v1/f_auto,b_rgb:f5f5f5/5ff821cd-5de5-49dc-ba37-b40336b07bc7/air-force-1-07-lv8-shoe-27Bnvv.png</prod_path>
    <prod_price>1500</prod_price>
    <prod_quantity>120</prod_quantity>
    <prod_description>The radiance lives on in the Nike Air Force 1 '07 SE, the b-ball icon that celebrates 50 years of the Swoosh.Keeping what you know best: stitched overlays, bold colours and the perfect amount of flash to make you shine, it now features the original Swoosh design, removable lace dubrae and other heritage details.</prod_description>
  </product>
  <product>
    <prod_id>12</prod_id>
    <prod_name>Nike Air Force Premium v7</prod_name>
    <prod_brand>Nike</prod_brand>
    <prod_category>Men</prod_category>
    <prod_path>https://static.nike.com/a/images/t_PDP_1728_v1/f_auto,b_rgb:f5f5f5/678edbfd-96e6-49fb-9e61-7e96f22971a5/air-force-1-07-shoe-dr1bJC.png</prod_path>
    <prod_price>25000</prod_price>
    <prod_quantity>150</prod_quantity>
    <prod_description>Let your youthful optimism shine in the Nike Air Force 1 '07 Premium, the b-ball original that proves you're never too old to go pineapples.Refreshing the legendary look, the Swoosh logo and heel feature richly textured plant material that's crafted from pineapple leaf fibre.The Coconut Milk-coloured upper is easy to style and the cork-infused outsole adds earthy sophistication.</prod_description>
  </product>
  <product>
    <prod_id>13</prod_id>
    <prod_name>Nike Max Air 2002</prod_name>
    <prod_brand>Nike</prod_brand>
    <prod_category>Men</prod_category>
    <prod_path>https://static.nike.com/a/images/t_PDP_864_v1/f_auto,b_rgb:f5f5f5/92e3b5d6-082f-486c-bd10-7c3a289077ed/air-max-97-se-shoe-NMMVFJ.png</prod_path>
    <prod_price>120</prod_price>
    <prod_quantity>50</prod_quantity>
    <prod_description>Inspired by the sleek metallic beauty of Japanese bullet trains, the Nike Air Max 97 SE celebrates the 50th anniversary of the Swoosh.Featuring the original Swoosh design, a removable lace aglet and other fast-paced details, it pushes your style full speed ahead.The revolutionary full-length Nike Air unit that shook up the running world lets you ride in first-class comfort.</prod_description>
  </product>
  <product>
    <prod_id>14</prod_id>
    <prod_name>Nike OffCourt Men</prod_name>
    <prod_brand>Nike</prod_brand>
    <prod_category>Men</prod_category>
    <prod_path>https://static.nike.com/a/images/t_PDP_864_v1/f_auto,b_rgb:f5f5f5/b9b96106-9733-4281-a310-72f9f6b48fca/offcourt-slide-dQS8qX.png</prod_path>
    <prod_price>15000</prod_price>
    <prod_quantity>250</prod_quantity>
    <prod_description>Celebrating 50 years of the Swoosh, the Nike Offcourt Slide lets you drift into first-class comfort and style.Its premium leather Swoosh features debossed details, including the Swoosh's date of first use.The plush strap and cradled footbed add comfort.</prod_description>
  </product>
  <product>
    <prod_id>15</prod_id>
    <prod_name>Nike Men Blazer Low 77</prod_name>
    <prod_brand>Nike</prod_brand>
    <prod_category>Men</prod_category>
    <prod_path>https://static.nike.com/a/images/t_PDP_864_v1/f_auto,b_rgb:f5f5f5/9908d77e-d988-487e-a499-cc20bd910e14/blazer-low-77-prm-shoe-pnHzBj.png</prod_path>
    <prod_price>25000</prod_price>
    <prod_quantity>150</prod_quantity>
    <prod_description>From b-ball history to fashion staple, the Nike Blazer Low '77 Premium celebrates the 50th anniversary of the Swoosh.The original Swoosh design and removable lace dubrae with gem stone add a lesson in sport to the A  look.</prod_description>
  </product>
  <product>
    <prod_id>16</prod_id>
    <prod_name>Nike Air Max 96 2 SE</prod_name>
    <prod_brand>Nike</prod_brand>
    <prod_category>Men</prod_category>
    <prod_path>https://static.nike.com/a/images/t_PDP_864_v1/f_auto,b_rgb:f5f5f5/5ed9f9f2-d97a-4dc2-882d-55f7b14fdbb3/air-max-96-2-se-shoe-mf60w3.png</prod_path>
    <prod_price>95000</prod_price>
    <prod_quantity>250</prod_quantity>
    <prod_description>Mark 50 years of Swoosh with the Air Max 96 2.First imagined by one of Nike's most decorated designers, it now has the original Swoosh logo and patent number.A removable lace dubrae, retro colours and a classic construction make this old-school athletics shoe the cream of the crop.</prod_description>
  </product>
  <product>
    <prod_id>17</prod_id>
    <prod_name>Nike Men VaporMax </prod_name>
    <prod_brand>Nike</prod_brand>
    <prod_category>Men</prod_category>
    <prod_path>https://static.nike.com/a/images/t_PDP_864_v1/f_auto,b_rgb:f5f5f5/eca9b05c-59bb-4b0e-a0b7-44990fed1a34/air-vapormax-2021-fk-shoe-dTnvq3.png</prod_path>
    <prod_price>3500</prod_price>
    <prod_quantity>500</prod_quantity>
    <prod_description>Made from at least 40% recycled materials by weight, the Nike Air VaporMax 2021 FK is airy and easy to wear with super-stretchy, recycled Flyknit fabric, plus a soft collar that sculpts your ankle.The stitched-on Swoosh and recycled TPU heel clip add a splash of intrigue as you float down the streets on incredibly soft VaporMax cushioning.</prod_description>
  </product>
  <product>
    <prod_id>18</prod_id>
    <prod_name>Air Jordan 1 Hi FlyEase  </prod_name>
    <prod_brand>Nike</prod_brand>
    <prod_category>Men</prod_category>
    <prod_path>https://static.nike.com/a/images/t_PDP_864_v1/f_auto,b_rgb:f5f5f5/f6f6c1aa-9b19-49e0-821d-49b3661cf2dc/air-jordan-1-hi-flyease-older-shoe-LdMh25.png</prod_path>
    <prod_price>35500</prod_price>
    <prod_quantity>100</prod_quantity>
    <prod_description>Made from at least 40% recycled materials by weight, the Nike Air VaporMax 2021 FK is airy and easy to wear with super-stretchy, recycled Flyknit fabric, plus a soft collar that sculpts your ankle.The stitched-on Swoosh and recycled TPU heel clip add a splash of intrigue as you float down the streets on incredibly soft VaporMax cushioning.</prod_description>
  </product>
  <product>
    <prod_id>19</prod_id>
    <prod_name>Air Jordan MA2</prod_name>
    <prod_brand>Nike</prod_brand>
    <prod_category>Men</prod_category>
    <prod_path>https://static.nike.com/a/images/t_PDP_864_v1/f_auto,b_rgb:f5f5f5/70a2c25b-e9e8-441f-9d60-1327f27bd9f7/jordan-ma2-shoe-qw1Z6m.png</prod_path>
    <prod_price>15500</prod_price>
    <prod_quantity>100</prod_quantity>
    <prod_description>Shatter the sneaker status quo in the Jordan MA2. Made from a mix of suede, full-grain leather and a variety of textiles, it's got unconventional labels, technical micro-graphics and raw foam edges for a balance of new and classic. Easy to get on and off, it looks good with just about anything.</prod_description>
  </product>
</products>
