<?xml version="1.0" encoding="UTF-8"?>
<accounts>
  <account>
    <user_id>0</user_id>
    <fullname>ASD</fullname>
    <email>ASD</email>
    <address>ASD</address>
    <contact>ASD</contact>
    <username>ASD</username>
    <password>ASD</password>
  </account>
  <account>
    <user_id>1</user_id>
    <fullname>ASDXZ</fullname>
    <email>ASD</email>
    <address>ASD</address>
    <contact>ASD</contact>
    <username>sample1</username>
    <password>pass</password>
  </account>
  <account>
    <user_id>2</user_id>
    <fullname>Raul S. Bulanon Jr</fullname>
    <email>asd@gmail.com</email>
    <address>San Pedro Hagonoy, Bulacan</address>
    <contact>09496495587</contact>
    <username>raul</username>
    <password>password</password>
  </account>
  <account>
    <user_id>3</user_id>
    <fullname>asd</fullname>
    <email>asd@gmai.com</email>
    <address>asd</address>
    <contact>123</contact>
    <username>asd</username>
    <password>asd</password>
  </account>
  <account>
    <user_id>4</user_id>
    <fullname>asd</fullname>
    <email>asdwq</email>
    <address>adsfa</address>
    <contact>asdsa</contact>
    <username>hehe</username>
    <password>abc104837</password>
  </account>
  <account>
    <user_id>5</user_id>
    <fullname>ASDQ</fullname>
    <email>sadad</email>
    <address>asdad</address>
    <contact>sada</contact>
    <username>Johnjan</username>
    <password>heega</password>
  </account>
  <account>
    <user_id>6</user_id>
    <fullname>Johnjan Dela Cruz</fullname>
    <email>henrysy023@gmail.com</email>
    <address>Hagonoy,Bulacan</address>
    <contact>09307842284</contact>
    <username>janjan12</username>
    <password>janjan12</password>
  </account>
  <account>
    <user_id>7</user_id>
    <fullname>Nicole</fullname>
    <email>nicolebernal1518@gmail.com</email>
    <address>Abulalas Hagonoy Bulacan</address>
    <contact>09225769561</contact>
    <username>nikki</username>
    <password>cict2019600092</password>
  </account>
  <account>
    <user_id>8</user_id>
    <fullname>Nicole Anne</fullname>
    <email>nicolebernal1518@gmail.com</email>
    <address>Abulalas</address>
    <contact>09225769561</contact>
    <username>nikki</username>
    <password>cict2019600092</password>
  </account>
</accounts>
