<?xml version="1.0"?>
<carts>
  <cart>
    <user_id>2</user_id>
    <prod_id>2</prod_id>
    <path>https://static.nike.com/a/images/t_PDP_864_v1/f_auto,b_rgb:f5f5f5/4f37fca8-6bce-43e7-ad07-f57ae3c13142/air-force-1-07-shoe-WrLlWX.png</path>
    <prod_name>Nike Men Force 002</prod_name>
    <unit_price>9999</unit_price>
    <available>117</available>
    <quantity>3</quantity>
  </cart>
  <cart>
    <user_id>2</user_id>
    <prod_id>11</prod_id>
    <path>https://static.nike.com/a/images/t_PDP_864_v1/f_auto,b_rgb:f5f5f5/5ff821cd-5de5-49dc-ba37-b40336b07bc7/air-force-1-07-lv8-shoe-27Bnvv.png</path>
    <prod_name>Nike Air Force Level 7</prod_name>
    <unit_price>1500</unit_price>
    <available>120</available>
    <quantity>3</quantity>
  </cart>
  
  <cart>
    <user_id>7</user_id>
    <prod_id>11</prod_id>
    <path>https://static.nike.com/a/images/t_PDP_864_v1/f_auto,b_rgb:f5f5f5/5ff821cd-5de5-49dc-ba37-b40336b07bc7/air-force-1-07-lv8-shoe-27Bnvv.png</path>
    <prod_name>Nike Air Force Level 7</prod_name>
    <unit_price>1500</unit_price>
    <available>120</available>
    <quantity>1</quantity>
  </cart>
  <cart>
    <user_id>7</user_id>
    <prod_id>12</prod_id>
    <path>https://static.nike.com/a/images/t_PDP_1728_v1/f_auto,b_rgb:f5f5f5/678edbfd-96e6-49fb-9e61-7e96f22971a5/air-force-1-07-shoe-dr1bJC.png</path>
    <prod_name>Nike Air Force Premium v7</prod_name>
    <unit_price>25000</unit_price>
    <available>150</available>
    <quantity>1</quantity>
  </cart>
</carts>
