<?xml version="1.0"?>
<transactions>
  <transaction>
    <user_id>2</user_id>
    <prod_id>2</prod_id>
    <quantity>1</quantity>
  </transaction>
  <transaction>
    <user_id>2</user_id>
    <prod_id>4</prod_id>
    <quantity>1</quantity>
  </transaction>
  <transaction>
    <user_id>2</user_id>
    <prod_id>5</prod_id>
    <quantity>1</quantity>
  </transaction>
  <transaction>
    <user_id>2</user_id>
    <prod_id>6</prod_id>
    <quantity>1</quantity>
  </transaction>
  <transaction>
    <user_id>7</user_id>
    <prod_id>2</prod_id>
    <quantity>1</quantity>
  </transaction>
  <transaction>
    <user_id>7</user_id>
    <prod_id>1</prod_id>
    <quantity>1</quantity>
  </transaction>
  <transaction>
    <user_id>7</user_id>
    <prod_id>1</prod_id>
    <quantity/>
  </transaction>
  <transaction>
    <user_id>7</user_id>
    <prod_id>1</prod_id>
    <quantity/>
  </transaction>
  <transaction>
    <user_id>7</user_id>
    <prod_id>2</prod_id>
    <quantity/>
  </transaction>
</transactions>
